Workbook

Sheet Copyright

Sheet Exhibit 1
A1: Movie | B1: Opening Gross | C1: Total U.S. Gross | D1: Total Non-U.S. Gross | E1: Budget | F1: Opening Theatres | G1: Known Story | H1: Sequel | I1: Origin_United States | J1: Genre | K1: Summer | L1: Holiday | M1: Christmas | N1: MPAA | O1: MPAA_D | P1: Critics´ Opinion | Q1: Oscar Nominations | R1: Oscars Won | S1: ROI
A2: 16 Blocks | B2: 11855260 | C2: 36895141 | D2: 65664721 | E2: 45000000 | F2: 2706 | G2: 0 | H2: 0 | I2: 1 | J2: Action | K2: 1 | L2: 0 | M2: 0 | N2: PG-13 | O2: 0 | P2: 63 | Q2: 0 | R2: 0 | S2: =(C2-E2)/E2 -> -0.18010798
A3: Accepted | B3: 10023835 | C3: 36323505 | D3: 2146261 | E3: 23000000 | F3: 2914 | G3: 0 | H3: 0 | I3: 1 | J3: Comedy | K3: 0 | L3: 0 | M3: 0 | N3: PG-13 | O3: 0 | P3: 47 | Q3: 0 | R3: 0 | S3: =(C3-E3)/E3 -> 0.57928283
A4: Apocalypto | B4: 15005604 | C4: 50866635 | D4: 69309076 | E4: 40000000 | F4: 2465 | G4: 0 | H4: 0 | I4: 1 | J4: Adventure | K4: 0 | L4: 0 | M4: 0 | N4: R | O4: 1 | P4: 68 | Q4: 3 | R4: 0 | S4: =(C4-E4)/E4 -> 0.27166588
A5: Arthur and the Invisibles | B5: 4294936 | C5: 15132763 | D5: 97854413 | E5: 86000000 | F5: 2247 | G5: 0 | H5: 0 | I5: 0 | J5: Animation | K5: 1 | L5: 0 | M5: 0 | N5: PG | O5: 0 | P5: 39 | Q5: 0 | R5: 0 | S5: =(C5-E5)/E5 -> -0.82403764
A6: ATL | B6: 11554404 | C6: 21170563 | D6: 0 | E6: 20000000 | F6: 1602 | G6: 0 | H6: 0 | I6: 1 | J6: Drama | K6: 0 | L6: 0 | M6: 0 | N6: PG-13 | O6: 0 | P6: 63 | Q6: 0 | R6: 0 | S6: =(C6-E6)/E6 -> 0.05852815
A7: Babel | B7: 5558095 | C7: 34302837 | D7: 101027326 | E7: 20000000 | F7: 1251 | G7: 0 | H7: 0 | I7: 1 | J7: Drama | K7: 0 | L7: 0 | M7: 0 | N7: R | O7: 1 | P7: 69 | Q7: 7 | R7: 1 | S7: =(C7-E7)/E7 -> 0.71514185
A8: Barnyard: The Original Party Animals | B8: 15820864 | C8: 72637803 | D8: 43272126 | E8: 51000000 | F8: 3311 | G8: 0 | H8: 0 | I8: 1 | J8: Animation | K8: 1 | L8: 0 | M8: 0 | N8: PG | O8: 0 | P8: 42 | Q8: 0 | R8: 0 | S8: =(C8-E8)/E8 -> 0.42427065
A9: Big Momma's House 2 | B9: 27736056 | C9: 70165972 | D9: 68079671 | E9: 40000000 | F9: 3261 | G9: 0 | H9: 1 | I9: 1 | J9: Comedy | K9: 0 | L9: 1 | M9: 1 | N9: PG-13 | O9: 0 | P9: 34 | Q9: 0 | R9: 0 | S9: =(C9-E9)/E9 -> 0.7541493
A10: Blood Diamond | B10: 8648324 | C10: 57377916 | D10: 171407179 | E10: 100000000 | F10: 1910 | G10: 0 | H10: 0 | I10: 1 | J10: Drama | K10: 0 | L10: 0 | M10: 1 | N10: R | O10: 1 | P10: 63 | Q10: 5 | R10: 0 | S10: =(C10-E10)/E10 -> -0.42622084
A11: Charlotte's Web | B11: 11457353 | C11: 82599768 | D11: 61768463 | E11: 85000000 | F11: 3566 | G11: 1 | H11: 0 | I11: 1 | J11: Comedy | K11: 0 | L11: 0 | M11: 0 | N11: G | O11: 0 | P11: 68 | Q11: 0 | R11: 0 | S11: =(C11-E11)/E11 -> -0.028238024
A12: Children of Men | B12: 10197775 | C12: 35327768 | D12: 33897819 | E12: 76000000 | F12: 1209 | G12: 1 | H12: 0 | I12: 0 | J12: Thriller | K12: 0 | L12: 0 | M12: 0 | N12: R | O12: 1 | P12: 84 | Q12: 3 | R12: 0 | S12: =(C12-E12)/E12 -> -0.53516095
A13: Click | B13: 40011365 | C13: 137355633 | D13: 100325666 | E13: 82500000 | F13: 3749 | G13: 0 | H13: 0 | I13: 1 | J13: Comedy | K13: 1 | L13: 0 | M13: 0 | N13: PG-13 | O13: 0 | P13: 45 | Q13: 1 | R13: 0 | S13: =(C13-E13)/E13 -> 0.66491676
... A76: You, Me and Dupree | B76: 21525560 | C76: 75628110 | D76: 54731328 | E76: 54000000 | F76: 3131 | G76: 0 | H76: 0 | I76: 1 | J76: Comedy | K76: 0 | L76: 0 | M76: 0 | N76: PG-13 | O76: 0 | P76: 46 | Q76: 0 | R76: 0 | S76: =(C76-E76)/E76 -> 0.40052056

Sheet QUESTION 1
F3: MIN | G3: MAX | H3: AVERAGE
E4: OPENING GROSS | F4: =MIN('Exhibit 1'!$B:$B) -> 4120497 | G4: =MAX('Exhibit 1'!$B:$B) -> 68033544 | H4: =AVERAGE('Exhibit 1'!$B:$B) -> 17468466
E5: US GROSS | F5: =MIN('Exhibit 1'!$C:$C) -> 13090630 | G5: =MAX('Exhibit 1'!$C:$C) -> 198000317 | H5: =AVERAGE('Exhibit 1'!$C:$C) -> 59620651
E6: NON US GROSS | F6: =MIN('Exhibit 1'!$D:$D) -> 0 | G6: =MAX('Exhibit 1'!$D:$D) -> 456235122 | H6: =AVERAGE('Exhibit 1'!$D:$D) -> 59560983
E7: OPENING THEATRES | F7: =MIN('Exhibit 1'!$F:$F) -> 852 | G7: =MAX('Exhibit 1'!$F:$F) -> 3964 | H7: =AVERAGE('Exhibit 1'!$F:$F) -> 2766.28
E10: COMEDY MOVIES | F10: =COUNTIF('Exhibit 1'!J2:J76,"Comedy") -> 23
E11: R - RATED MOVIES | F11: =COUNTIF('Exhibit 1'!N2:N76,"R") -> 15

Sheet QUESTION 2
